procs,N,execution_time,num_of_unique
40, 1, 0.054153, 1
40, 2, 0.057379, 3
40, 3, 0.058201, 6
40, 4, 0.054503, 9
40, 5, 0.060792, 14
40, 6, 0.055431, 18
40, 7, 0.055860, 25
40, 8, 0.054832, 30
40, 9, 0.053768, 36
40, 10, 0.055386, 42
40, 11, 0.056431, 53
40, 12, 0.054934, 59
40, 13, 0.055465, 72
40, 14, 0.056801, 80
40, 15, 0.060298, 89
40, 16, 0.056780, 97
40, 17, 0.056635, 114
40, 18, 0.055745, 123
40, 19, 0.054360, 142
40, 20, 0.053456, 152
40, 21, 0.061343, 164
40, 22, 0.053889, 176
40, 23, 0.057521, 199
40, 24, 0.056888, 209
40, 25, 0.061428, 225
40, 26, 0.055905, 239
40, 27, 0.057367, 254
40, 28, 0.054587, 267
40, 29, 0.060632, 296
40, 30, 0.061465, 308
40, 31, 0.057846, 339
40, 32, 0.060980, 354
40, 33, 0.057603, 372
40, 34, 0.058183, 390
40, 35, 0.063531, 410
40, 36, 0.078983, 423
40, 37, 0.060475, 460
40, 38, 0.057245, 480
40, 39, 0.054767, 501
40, 40, 0.054503, 517
40, 41, 0.056078, 558
40, 42, 0.056488, 575
40, 43, 0.056318, 618
40, 44, 0.056266, 638
40, 45, 0.057334, 659
40, 46, 0.054696, 683
40, 47, 0.055755, 730
40, 48, 0.055817, 747
40, 49, 0.058213, 778
40, 50, 0.054194, 800
40, 51, 0.057313, 827
40, 52, 0.059465, 850
40, 53, 0.055250, 903
40, 54, 0.056039, 925
40, 55, 0.056543, 956
40, 56, 0.056381, 978
40, 57, 0.055273, 1008
40, 58, 0.055861, 1038
40, 59, 0.056964, 1097
40, 60, 0.054984, 1116
40, 61, 0.061449, 1177
40, 62, 0.055966, 1209
40, 63, 0.060479, 1237
40, 64, 0.056775, 1263
40, 65, 0.054411, 1299
40, 66, 0.055699, 1325
40, 67, 0.056444, 1392
40, 68, 0.054910, 1422
40, 69, 0.055086, 1458
40, 70, 0.056079, 1484
40, 71, 0.056189, 1555
40, 72, 0.055227, 1578
40, 73, 0.056565, 1651
40, 74, 0.056005, 1689
40, 75, 0.059998, 1723
40, 76, 0.057396, 1756
40, 77, 0.055016, 1801
40, 78, 0.059602, 1832
40, 79, 0.055991, 1911
40, 80, 0.056174, 1939
40, 81, 0.056040, 1977
40, 82, 0.055017, 2019
40, 83, 0.055110, 2102
40, 84, 0.055602, 2131
40, 85, 0.054333, 2178
40, 86, 0.059251, 2222
40, 87, 0.058294, 2267
40, 88, 0.053986, 2301
40, 89, 0.054977, 2390
40, 90, 0.055281, 2418
40, 91, 0.055782, 2470
40, 92, 0.057370, 2510
40, 93, 0.056135, 2558
40, 94, 0.061877, 2606
40, 95, 0.065764, 2657
40, 96, 0.058191, 2687
40, 97, 0.059076, 2784
40, 98, 0.055999, 2825
40, 99, 0.061109, 2869
40, 100, 0.058332, 2906
40, 101, 0.057893, 3007
40, 102, 0.077123, 3046
40, 103, 0.056520, 3149
40, 104, 0.056213, 3189
40, 105, 0.060500, 3230
40, 106, 0.054581, 3284
40, 107, 0.055309, 3391
40, 108, 0.055877, 3425
40, 109, 0.055043, 3534
40, 110, 0.058817, 3577
40, 111, 0.057073, 3634
40, 112, 0.057436, 3675
40, 113, 0.056961, 3788
40, 114, 0.056428, 3832
40, 115, 0.055693, 3894
40, 116, 0.056392, 3944
40, 117, 0.059746, 3995
40, 118, 0.054826, 4055
40, 119, 0.056673, 4121
40, 120, 0.056989, 4155
40, 121, 0.055401, 4234
40, 122, 0.056528, 4296
40, 123, 0.054648, 4359
40, 124, 0.056413, 4412
40, 125, 0.055357, 4479
40, 126, 0.056872, 4519
40, 127, 0.061198, 4646
40, 128, 0.055311, 4695
40, 129, 0.057652, 4761
40, 130, 0.056497, 4809
40, 131, 0.056168, 4940
40, 132, 0.057270, 4981
40, 133, 0.055893, 5054
40, 134, 0.057704, 5122
40, 135, 0.056795, 5174
40, 136, 0.054930, 5225
40, 137, 0.056390, 5362
40, 138, 0.057566, 5415
40, 139, 0.059708, 5554
40, 140, 0.056522, 5600
40, 141, 0.056593, 5672
40, 142, 0.056118, 5744
40, 143, 0.055807, 5831
40, 144, 0.055336, 5871
40, 145, 0.055674, 5949
40, 146, 0.061380, 6023
40, 147, 0.056375, 6086
40, 148, 0.057149, 6149
40, 149, 0.056368, 6298
40, 150, 0.056649, 6343
40, 151, 0.060119, 6494
40, 152, 0.056379, 6551
40, 153, 0.057931, 6618
40, 154, 0.055788, 6673
40, 155, 0.055174, 6755
40, 156, 0.056549, 6805
40, 157, 0.056799, 6962
40, 158, 0.059019, 7042
40, 159, 0.056555, 7123
40, 160, 0.079903, 7174
40, 161, 0.077928, 7261
40, 162, 0.079522, 7317
40, 163, 0.056624, 7480
40, 164, 0.056920, 7550
40, 165, 0.059124, 7612
40, 166, 0.055617, 7696
40, 167, 0.057433, 7863
40, 168, 0.056229, 7909
40, 169, 0.056936, 8019
40, 170, 0.055781, 8082
40, 171, 0.059788, 8156
40, 172, 0.054750, 8229
40, 173, 0.054759, 8402
40, 174, 0.055223, 8468
40, 175, 0.056189, 8548
40, 176, 0.055401, 8608
40, 177, 0.056759, 8698
40, 178, 0.055909, 8788
40, 179, 0.057524, 8967
40, 180, 0.060455, 9014
40, 181, 0.054590, 9195
40, 182, 0.056620, 9262
40, 183, 0.060704, 9355
40, 184, 0.056090, 9423
40, 185, 0.058183, 9521
40, 186, 0.055455, 9591
40, 187, 0.056254, 9701
40, 188, 0.056899, 9781
40, 189, 0.058024, 9852
40, 190, 0.059050, 9923
40, 191, 0.056592, 10114
40, 192, 0.056425, 10170
40, 193, 0.060538, 10363
40, 194, 0.075829, 10461
40, 195, 0.056941, 10536
40, 196, 0.055599, 10607
40, 197, 0.057723, 10804
40, 198, 0.062050, 10868
40, 199, 0.056498, 11067
40, 200, 0.055160, 11131
40, 201, 0.055971, 11233
40, 202, 0.057738, 11335
40, 203, 0.056569, 11446
40, 204, 0.055352, 11510
40, 205, 0.059490, 11619
40, 206, 0.056124, 11723
40, 207, 0.056802, 11812
40, 208, 0.056692, 11882
40, 209, 0.055802, 12002
40, 210, 0.056350, 12059
40, 211, 0.055343, 12270
40, 212, 0.056139, 12360
40, 213, 0.059636, 12468
40, 214, 0.055275, 12576
40, 215, 0.055276, 12689
40, 216, 0.059945, 12748
40, 217, 0.060969, 12866
40, 218, 0.059842, 12976
40, 219, 0.054988, 13087
40, 220, 0.056869, 13159
40, 221, 0.056837, 13293
40, 222, 0.054843, 13376
40, 223, 0.057448, 13599
40, 224, 0.056673, 13670
40, 225, 0.072914, 13750
40, 226, 0.078091, 13864
40, 227, 0.060117, 14091
40, 228, 0.053467, 14159
40, 229, 0.056552, 14388
40, 230, 0.056731, 14473
40, 231, 0.056482, 14560
40, 232, 0.078324, 14647
40, 233, 0.056544, 14880
40, 234, 0.063129, 14952
40, 235, 0.057074, 15076
40, 236, 0.056205, 15176
40, 237, 0.054520, 15296
40, 238, 0.054679, 15384
40, 239, 0.056296, 15623
40, 240, 0.056220, 15682
40, 241, 0.057363, 15923
40, 242, 0.056120, 16023
40, 243, 0.054708, 16128
40, 244, 0.058390, 16231
40, 245, 0.057614, 16342
40, 246, 0.055803, 16434
40, 247, 0.055487, 16579
40, 248, 0.055873, 16671
40, 249, 0.057757, 16797
40, 250, 0.056094, 16889
40, 251, 0.057425, 17140
40, 252, 0.056309, 17205
40, 253, 0.056410, 17349
40, 254, 0.056234, 17477
40, 255, 0.053137, 17577
40, 256, 0.056502, 17668
40, 257, 0.055578, 17925
40, 258, 0.056107, 18022
40, 259, 0.056284, 18164
40, 260, 0.055949, 18246
40, 261, 0.057441, 18357
40, 262, 0.057217, 18489
40, 263, 0.055412, 18752
40, 264, 0.058975, 18823
40, 265, 0.057143, 18963
40, 266, 0.055990, 19060
40, 267, 0.057026, 19195
40, 268, 0.057067, 19308
40, 269, 0.057709, 19577
40, 270, 0.056318, 19649
40, 271, 0.056606, 19920
40, 272, 0.060051, 20015
40, 273, 0.056255, 20118
40, 274, 0.056080, 20256
40, 275, 0.053322, 20377
40, 276, 0.054826, 20462
40, 277, 0.057092, 20739
40, 278, 0.057642, 20879
40, 279, 0.055865, 20998
40, 280, 0.057433, 21075
40, 281, 0.058209, 21356
40, 282, 0.057034, 21461
40, 283, 0.052339, 21744
40, 284, 0.056079, 21864
40, 285, 0.055284, 21975
40, 286, 0.057095, 22081
40, 287, 0.054637, 22237
40, 288, 0.056712, 22311
40, 289, 0.052833, 22503
40, 290, 0.055559, 22610
40, 291, 0.063362, 22757
40, 292, 0.068769, 22880
40, 293, 0.055321, 23173
40, 294, 0.058098, 23267
40, 295, 0.059833, 23422
40, 296, 0.072218, 23532
40, 297, 0.055115, 23647
40, 298, 0.069304, 23797
40, 299, 0.060959, 23972
40, 300, 0.055714, 24047
40, 301, 0.057074, 24210
40, 302, 0.059000, 24362
40, 303, 0.055887, 24515
40, 304, 0.055360, 24617
40, 305, 0.060249, 24777
40, 306, 0.057091, 24871
40, 307, 0.053664, 25178
40, 308, 0.057035, 25273
40, 309, 0.056009, 25429
40, 310, 0.056733, 25541
40, 311, 0.054949, 25852
40, 312, 0.056990, 25940
40, 313, 0.060805, 26253
40, 314, 0.055670, 26411
40, 315, 0.057191, 26510
40, 316, 0.056548, 26643
40, 317, 0.055136, 26960
40, 318, 0.057374, 27079
40, 319, 0.054888, 27261
40, 320, 0.060747, 27354
40, 321, 0.055548, 27516
40, 322, 0.057592, 27631
40, 323, 0.056798, 27834
40, 324, 0.054767, 27921
40, 325, 0.057573, 28065
40, 326, 0.056917, 28229
40, 327, 0.055264, 28394
40, 328, 0.056859, 28515
40, 329, 0.055386, 28692
40, 330, 0.056281, 28782
40, 331, 0.055455, 29113
40, 332, 0.060338, 29253
40, 333, 0.055621, 29394
40, 334, 0.055163, 29562
40, 335, 0.054902, 29737
40, 336, 0.055877, 29821
40, 337, 0.059769, 30158
40, 338, 0.059878, 30296
40, 339, 0.054894, 30467
40, 340, 0.056947, 30571
40, 341, 0.055234, 30764
40, 342, 0.059034, 30872
40, 343, 0.056326, 31056
40, 344, 0.057337, 31183
40, 345, 0.057062, 31312
40, 346, 0.055945, 31486
40, 347, 0.054839, 31833
40, 348, 0.059293, 31939
40, 349, 0.058153, 32288
40, 350, 0.056620, 32392
40, 351, 0.057088, 32521
40, 352, 0.058089, 32630
40, 353, 0.055500, 32983
40, 354, 0.058549, 33115
40, 355, 0.056611, 33301
40, 356, 0.059894, 33451
40, 357, 0.064668, 33581
40, 358, 0.079452, 33761
40, 359, 0.063673, 34120
40, 360, 0.058458, 34201
40, 361, 0.062370, 34439
40, 362, 0.055160, 34621
40, 363, 0.078642, 34774
40, 364, 0.059385, 34891
40, 365, 0.061460, 35082
40, 366, 0.054634, 35218
40, 367, 0.055127, 35585
40, 368, 0.055505, 35709
40, 369, 0.055181, 35865
40, 370, 0.059291, 36000
40, 371, 0.052214, 36198
40, 372, 0.061163, 36311
40, 373, 0.054988, 36684
40, 374, 0.052895, 36817
40, 375, 0.059738, 36959
40, 376, 0.052775, 37096
40, 377, 0.055455, 37315
40, 378, 0.055361, 37420
40, 379, 0.054257, 37799
40, 380, 0.056010, 37919
40, 381, 0.052555, 38111
40, 382, 0.057226, 38303
40, 383, 0.056310, 38686
40, 384, 0.056582, 38791
40, 385, 0.054325, 38945
40, 386, 0.054421, 39139
40, 387, 0.054696, 39303
40, 388, 0.055373, 39466
40, 389, 0.053305, 39855
40, 390, 0.056909, 39957
40, 391, 0.058665, 40193
40, 392, 0.058696, 40312
40, 393, 0.059939, 40510
40, 394, 0.059500, 40708
40, 395, 0.057133, 40914
40, 396, 0.058664, 41013
40, 397, 0.055336, 41410
40, 398, 0.052477, 41610
40, 399, 0.055142, 41761
40, 400, 0.055218, 41872
40, 401, 0.055426, 42273
40, 402, 0.057992, 42422
40, 403, 0.052502, 42653
40, 404, 0.055890, 42823
40, 405, 0.054422, 42962
40, 406, 0.055308, 43108
40, 407, 0.055019, 43339
40, 408, 0.052466, 43448
40, 409, 0.055216, 43857
40, 410, 0.052338, 44007
40, 411, 0.056410, 44214
40, 412, 0.055415, 44387
40, 413, 0.059336, 44609
40, 414, 0.056575, 44737
40, 415, 0.053128, 44954
40, 416, 0.057748, 45082
40, 417, 0.056015, 45292
40, 418, 0.056046, 45443
40, 419, 0.056886, 45862
40, 420, 0.055927, 45957
40, 421, 0.055562, 46378
40, 422, 0.078686, 46590
40, 423, 0.068417, 46768
40, 424, 0.062090, 46923
40, 425, 0.058693, 47108
40, 426, 0.059786, 47266
40, 427, 0.055904, 47495
40, 428, 0.055419, 47675
40, 429, 0.075547, 47837
40, 430, 0.060119, 47991
40, 431, 0.059485, 48422
40, 432, 0.061684, 48528
40, 433, 0.054614, 48961
40, 434, 0.054996, 49116
40, 435, 0.056771, 49281
40, 436, 0.057614, 49464
40, 437, 0.055741, 49735
40, 438, 0.056630, 49898
40, 439, 0.056445, 50337
40, 440, 0.052534, 50462
40, 441, 0.055103, 50614
40, 442, 0.056058, 50773
40, 443, 0.060039, 51216
40, 444, 0.056420, 51353
40, 445, 0.052214, 51586
40, 446, 0.057175, 51810
40, 447, 0.055633, 52035
40, 448, 0.052649, 52168
40, 449, 0.061124, 52617
40, 450, 0.057616, 52730
40, 451, 0.057728, 52984
40, 452, 0.053849, 53174
40, 453, 0.054331, 53402
40, 454, 0.052696, 53630
40, 455, 0.057974, 53811
40, 456, 0.055849, 53929
40, 457, 0.057034, 54386
40, 458, 0.056358, 54616
40, 459, 0.055962, 54789
40, 460, 0.055617, 54934
40, 461, 0.055958, 55395
40, 462, 0.056899, 55522
40, 463, 0.056699, 55985
40, 464, 0.057580, 56143
40, 465, 0.055146, 56317
40, 466, 0.055200, 56551
40, 467, 0.054931, 57018
40, 468, 0.055238, 57138
40, 469, 0.055797, 57391
40, 470, 0.055499, 57561
40, 471, 0.054148, 57798
40, 472, 0.056631, 57971
40, 473, 0.051691, 58233
40, 474, 0.054581, 58409
40, 475, 0.052640, 58618
40, 476, 0.056015, 58766
40, 477, 0.056865, 58967
40, 478, 0.051888, 59207
40, 479, 0.058180, 59686
40, 480, 0.057027, 59794
40, 481, 0.056317, 60073
40, 482, 0.056547, 60315
40, 483, 0.054870, 60500
40, 484, 0.058290, 60667
40, 485, 0.052634, 60920
40, 486, 0.054825, 61070
40, 487, 0.060154, 61557
40, 488, 0.056464, 61736
40, 489, 0.079248, 61982
40, 490, 0.065617, 62127
40, 491, 0.053358, 62618
40, 492, 0.059176, 62768
40, 493, 0.062741, 63065
40, 494, 0.078320, 63240
40, 495, 0.059708, 63396
40, 496, 0.060749, 63565
40, 497, 0.052061, 63832
40, 498, 0.055448, 64017
40, 499, 0.051001, 64516
40, 500, 0.055941, 64673
40, 501, 0.055134, 64925
40, 502, 0.053705, 65177
40, 503, 0.054984, 65680
40, 504, 0.052251, 65793
40, 505, 0.052124, 66057
40, 506, 0.060603, 66246
40, 507, 0.051891, 66457
40, 508, 0.057236, 66670
40, 509, 0.056888, 67179
40, 510, 0.052526, 67317
40, 511, 0.057099, 67591
40, 512, 0.056488, 67765
40, 513, 0.052030, 67957
40, 514, 0.056205, 68215
40, 515, 0.058055, 68483
40, 516, 0.055900, 68638
40, 517, 0.056086, 68923
40, 518, 0.054658, 69108
40, 519, 0.057550, 69369
40, 520, 0.057724, 69509
40, 521, 0.057857, 70030
40, 522, 0.062236, 70191
40, 523, 0.056457, 70714
40, 524, 0.052867, 70934
40, 525, 0.056701, 71095
40, 526, 0.051953, 71359
40, 527, 0.053219, 71672
40, 528, 0.054423, 71798
40, 529, 0.053450, 72151
40, 530, 0.052986, 72343
40, 531, 0.057028, 72567
40, 532, 0.057126, 72731
40, 533, 0.056205, 73035
40, 534, 0.057178, 73233
40, 535, 0.053068, 73512
40, 536, 0.056253, 73709
40, 537, 0.056078, 73979
40, 538, 0.055840, 74249
40, 539, 0.056391, 74496
40, 540, 0.056494, 74615
40, 541, 0.055746, 75156
40, 542, 0.056490, 75428
40, 543, 0.051935, 75701
40, 544, 0.056207, 75877
40, 545, 0.057503, 76161
40, 546, 0.051969, 76311
40, 547, 0.053044, 76858
40, 548, 0.056568, 77088
40, 549, 0.052846, 77318
40, 550, 0.056469, 77490
40, 551, 0.053077, 77826
40, 552, 0.056021, 77970
40, 553, 0.076741, 78265
40, 554, 0.061243, 78543
40, 555, 0.062467, 78748
40, 556, 0.059844, 78981
40, 557, 0.057579, 79538
40, 558, 0.053388, 79707
40, 559, 0.056786, 80021
40, 560, 0.057216, 80158
40, 561, 0.078395, 80366
40, 562, 0.058729, 80648
40, 563, 0.057019, 81211
40, 564, 0.054485, 81382
40, 565, 0.052320, 81677
40, 566, 0.056008, 81961
40, 567, 0.057433, 82156
40, 568, 0.055608, 82363
40, 569, 0.056360, 82932
40, 570, 0.057459, 83079
40, 571, 0.056376, 83650
40, 572, 0.053937, 83827
40, 573, 0.057157, 84115
40, 574, 0.057648, 84320
40, 575, 0.056479, 84579
40, 576, 0.058578, 84714
40, 577, 0.056802, 85291
40, 578, 0.056172, 85525
40, 579, 0.061520, 85816
40, 580, 0.055981, 85997
40, 581, 0.053135, 86306
40, 582, 0.052252, 86521
40, 583, 0.058131, 86845
40, 584, 0.056637, 87058
40, 585, 0.058098, 87241
40, 586, 0.057966, 87535
40, 587, 0.057257, 88122
40, 588, 0.060339, 88274
40, 589, 0.052339, 88627
40, 590, 0.053658, 88840
40, 591, 0.057106, 89137
40, 592, 0.055705, 89335
40, 593, 0.056933, 89928
40, 594, 0.056136, 90090
40, 595, 0.056174, 90318
40, 596, 0.057835, 90568
40, 597, 0.058082, 90868
40, 598, 0.057205, 91084
40, 599, 0.056814, 91683
40, 600, 0.059100, 91816
40, 601, 0.056395, 92417
40, 602, 0.057270, 92632
40, 603, 0.061374, 92885
40, 604, 0.051718, 93138
40, 605, 0.054921, 93405
40, 606, 0.056678, 93629
40, 607, 0.052494, 94236
40, 608, 0.051665, 94425
40, 609, 0.057351, 94649
40, 610, 0.057563, 94869
40, 611, 0.056284, 95211
40, 612, 0.052010, 95365
40, 613, 0.056120, 95978
40, 614, 0.057110, 96286
40, 615, 0.056755, 96516
40, 616, 0.056838, 96681
40, 617, 0.057234, 97298
40, 618, 0.055427, 97527
40, 619, 0.078654, 98146
40, 620, 0.074908, 98336
40, 621, 0.066894, 98567
40, 622, 0.058149, 98879
40, 623, 0.066388, 99212
40, 624, 0.059429, 99367
40, 625, 0.055165, 99661
40, 626, 0.056903, 99975
40, 627, 0.056092, 100205
40, 628, 0.060053, 100468
40, 629, 0.060045, 100842
40, 630, 0.058334, 100986
40, 631, 0.057103, 101617
40, 632, 0.060565, 101848
40, 633, 0.056683, 102166
40, 634, 0.056223, 102484
40, 635, 0.060463, 102814
40, 636, 0.057786, 103005
40, 637, 0.059329, 103296
40, 638, 0.056462, 103527
40, 639, 0.057149, 103795
40, 640, 0.053907, 103966
40, 641, 0.057449, 104607
40, 642, 0.053980, 104844
40, 643, 0.061805, 105487
40, 644, 0.056558, 105685
40, 645, 0.054362, 105926
40, 646, 0.056623, 106169
40, 647, 0.060172, 106816
40, 648, 0.059151, 106973
40, 649, 0.055723, 107334
40, 650, 0.056433, 107536
40, 651, 0.054477, 107777
40, 652, 0.053479, 108050
40, 653, 0.057483, 108703
40, 654, 0.054536, 108945
40, 655, 0.057784, 109286
40, 656, 0.057372, 109504
40, 657, 0.057255, 109781
40, 658, 0.057700, 110014
40, 659, 0.057242, 110673
40, 660, 0.052689, 110821
40, 661, 0.058065, 111482
40, 662, 0.059866, 111814
40, 663, 0.056241, 112058
40, 664, 0.057699, 112300
40, 665, 0.056842, 112559
40, 666, 0.057122, 112761
40, 667, 0.057688, 113182
40, 668, 0.057413, 113462
40, 669, 0.058005, 113798
40, 670, 0.057121, 114039
40, 671, 0.057237, 114411
40, 672, 0.054413, 114564
40, 673, 0.056898, 115237
40, 674, 0.057470, 115575
40, 675, 0.058006, 115789
40, 676, 0.058604, 116022
40, 677, 0.053054, 116699
40, 678, 0.057207, 116950
40, 679, 0.057444, 117314
40, 680, 0.056131, 117497
40, 681, 0.057896, 117839
40, 682, 0.053459, 118082
40, 683, 0.057627, 118765
40, 684, 0.065368, 118938
40, 685, 0.076053, 119295
40, 686, 0.057064, 119538
40, 687, 0.058754, 119883
40, 688, 0.057142, 120113
40, 689, 0.062749, 120500
40, 690, 0.058282, 120677
40, 691, 0.058694, 121368
40, 692, 0.057038, 121658
40, 693, 0.061407, 121877
40, 694, 0.057370, 122225
40, 695, 0.058013, 122586
40, 696, 0.060423, 122771
40, 697, 0.057805, 123181
40, 698, 0.058263, 123531
40, 699, 0.058124, 123882
40, 700, 0.057889, 124061
40, 701, 0.061203, 124762
40, 702, 0.057288, 124948
40, 703, 0.054492, 125376
40, 704, 0.058712, 125581
40, 705, 0.056476, 125843
40, 706, 0.061150, 126197
40, 707, 0.057906, 126575
40, 708, 0.061321, 126789
40, 709, 0.061048, 127498
40, 710, 0.055794, 127754
40, 711, 0.053374, 128053
40, 712, 0.058155, 128312
40, 713, 0.054853, 128752
40, 714, 0.057773, 128945
40, 715, 0.058651, 129232
40, 716, 0.056926, 129532
40, 717, 0.057985, 129892
40, 718, 0.057210, 130252
40, 719, 0.057219, 130971
40, 720, 0.058146, 131118
40, 721, 0.055058, 131503
40, 722, 0.053916, 131794
40, 723, 0.057973, 132157
40, 724, 0.058700, 132460
40, 725, 0.058473, 132788
40, 726, 0.053756, 133011
40, 727, 0.058008, 133738
40, 728, 0.054406, 133937
40, 729, 0.058280, 134222
40, 730, 0.058106, 134484
40, 731, 0.057391, 134909
40, 732, 0.054850, 135130
40, 733, 0.057300, 135863
40, 734, 0.055768, 136231
40, 735, 0.059563, 136455
40, 736, 0.058830, 136678
40, 737, 0.054503, 137088
40, 738, 0.061926, 137311
40, 739, 0.057054, 138050
40, 740, 0.058702, 138276
40, 741, 0.059111, 138546
40, 742, 0.058868, 138810
40, 743, 0.057156, 139553
40, 744, 0.055346, 139751
40, 745, 0.058173, 140139
40, 746, 0.057265, 140513
40, 747, 0.058309, 140827
40, 748, 0.058962, 141053
40, 749, 0.058479, 141452
40, 750, 0.063304, 141641
40, 751, 0.059609, 142392
40, 752, 0.059907, 142641
40, 753, 0.079902, 143019
40, 754, 0.058630, 143299
40, 755, 0.060125, 143691
40, 756, 0.058336, 143859
40, 757, 0.058855, 144616
40, 758, 0.079365, 144996
40, 759, 0.055514, 145272
40, 760, 0.058082, 145482
40, 761, 0.057920, 146243
40, 762, 0.058061, 146524
40, 763, 0.059045, 146930
40, 764, 0.055142, 147250
40, 765, 0.055886, 147500
40, 766, 0.054739, 147884
40, 767, 0.057525, 148316
40, 768, 0.057965, 148510
40, 769, 0.055056, 149279
40, 770, 0.061413, 149480
40, 771, 0.058421, 149867
40, 772, 0.056876, 150190
40, 773, 0.057529, 150963
40, 774, 0.058156, 151196
40, 775, 0.056518, 151540
40, 776, 0.056001, 151822
40, 777, 0.060381, 152108
40, 778, 0.057482, 152498
40, 779, 0.057737, 152963
40, 780, 0.054353, 153134
40, 781, 0.058151, 153568
40, 782, 0.055505, 153848
40, 783, 0.054903, 154149
40, 784, 0.055940, 154370
40, 785, 0.054189, 154778
40, 786, 0.058259, 155068
40, 787, 0.055679, 155855
40, 788, 0.058947, 156185
40, 789, 0.058235, 156581
40, 790, 0.056985, 156863
40, 791, 0.055312, 157283
40, 792, 0.059078, 157458
40, 793, 0.055598, 157903
40, 794, 0.055370, 158301
40, 795, 0.057538, 158596
40, 796, 0.056807, 158929
40, 797, 0.058816, 159726
40, 798, 0.056055, 159947
40, 799, 0.058792, 160409
40, 800, 0.057607, 160611
40, 801, 0.053929, 160947
40, 802, 0.055645, 161349
40, 803, 0.062423, 161793
40, 804, 0.057273, 162036
40, 805, 0.054918, 162347
40, 806, 0.057276, 162636
40, 807, 0.054672, 163041
40, 808, 0.058637, 163334
40, 809, 0.055544, 164143
40, 810, 0.053238, 164333
40, 811, 0.053892, 165144
40, 812, 0.055636, 165400
40, 813, 0.057862, 165808
40, 814, 0.054593, 166098
40, 815, 0.070459, 166521
40, 816, 0.060396, 166721
40, 817, 0.072151, 167202
40, 818, 0.061097, 167612
40, 819, 0.057226, 167862
40, 820, 0.064480, 168115
40, 821, 0.056413, 168936
40, 822, 0.077675, 169239
40, 823, 0.058843, 170062
40, 824, 0.058091, 170362
40, 825, 0.056448, 170609
40, 826, 0.055697, 170901
40, 827, 0.053975, 171728
40, 828, 0.056663, 171933
40, 829, 0.055798, 172762
40, 830, 0.058665, 173061
40, 831, 0.054299, 173478
40, 832, 0.055763, 173715
40, 833, 0.059026, 174082
40, 834, 0.056919, 174390
40, 835, 0.060007, 174824
40, 836, 0.058572, 175079
40, 837, 0.056590, 175393
40, 838, 0.057562, 175813
40, 839, 0.055930, 176652
40, 840, 0.054508, 176820
40, 841, 0.059662, 177394
40, 842, 0.059400, 177816
40, 843, 0.055456, 178239
40, 844, 0.057836, 178592
40, 845, 0.057173, 178957
40, 846, 0.055264, 179207
40, 847, 0.055028, 179599
40, 848, 0.059980, 179881
40, 849, 0.059935, 180307
40, 850, 0.058933, 180557
40, 851, 0.058521, 181079
40, 852, 0.055195, 181335
40, 853, 0.057559, 182188
40, 854, 0.058419, 182491
40, 855, 0.056009, 182758
40, 856, 0.057238, 183069
40, 857, 0.055772, 183926
40, 858, 0.059233, 184159
40, 859, 0.062577, 185018
40, 860, 0.057074, 185284
40, 861, 0.055009, 185602
40, 862, 0.059019, 186034
40, 863, 0.057183, 186897
40, 864, 0.057000, 187090
40, 865, 0.056314, 187540
40, 866, 0.058847, 187974
40, 867, 0.059017, 188335
40, 868, 0.055295, 188605
40, 869, 0.057656, 189084
40, 870, 0.057333, 189309
40, 871, 0.055931, 189798
40, 872, 0.055932, 190116
40, 873, 0.058587, 190482
40, 874, 0.061870, 190800
40, 875, 0.059880, 191137
40, 876, 0.056415, 191400
40, 877, 0.058734, 192277
40, 878, 0.056572, 192717
40, 879, 0.056646, 193158
40, 880, 0.055708, 193382
40, 881, 0.064582, 194263
40, 882, 0.065277, 194484
40, 883, 0.059841, 195367
40, 884, 0.061326, 195633
40, 885, 0.058049, 195960
40, 886, 0.061135, 196404
40, 887, 0.065518, 197291
40, 888, 0.058547, 197523
40, 889, 0.065394, 197998
40, 890, 0.060886, 198318
40, 891, 0.054992, 198625
40, 892, 0.055418, 198998
40, 893, 0.055807, 199518
40, 894, 0.058630, 199848
40, 895, 0.056884, 200313
40, 896, 0.056094, 200564
40, 897, 0.058658, 200892
40, 898, 0.060033, 201342
40, 899, 0.055735, 201936
40, 900, 0.055899, 202124
40, 901, 0.057033, 202646
40, 902, 0.059545, 202971
40, 903, 0.055111, 203305
40, 904, 0.056120, 203634
40, 905, 0.058969, 204104
40, 906, 0.056034, 204438
40, 907, 0.056890, 205345
40, 908, 0.062381, 205725
40, 909, 0.055773, 206106
40, 910, 0.057335, 206344
40, 911, 0.056334, 207255
40, 912, 0.057054, 207470
40, 913, 0.056089, 207975
40, 914, 0.057631, 208433
40, 915, 0.060051, 208773
40, 916, 0.062136, 209156
40, 917, 0.058651, 209645
40, 918, 0.059158, 209892
40, 919, 0.060587, 210811
40, 920, 0.059651, 211062
40, 921, 0.057755, 211524
40, 922, 0.059010, 211986
40, 923, 0.059065, 212501
40, 924, 0.055590, 212707
40, 925, 0.056716, 213112
40, 926, 0.056392, 213576
40, 927, 0.062906, 213964
40, 928, 0.058985, 214247
40, 929, 0.058355, 215176
40, 930, 0.056417, 215418
40, 931, 0.059971, 215830
40, 932, 0.058614, 216220
40, 933, 0.060597, 216688
40, 934, 0.056880, 217156
40, 935, 0.057585, 217517
40, 936, 0.055836, 217729
40, 937, 0.063357, 218666
40, 938, 0.059244, 218997
40, 939, 0.055650, 219468
40, 940, 0.058093, 219754
40, 941, 0.060004, 220695
40, 942, 0.056827, 221042
40, 943, 0.060884, 221618
40, 944, 0.061382, 221931
40, 945, 0.056359, 222187
40, 946, 0.062793, 222527
40, 947, 0.081121, 223474
40, 948, 0.056615, 223759
40, 949, 0.061724, 224287
40, 950, 0.059644, 224575
40, 951, 0.062314, 225052
40, 952, 0.059431, 225310
40, 953, 0.081779, 226263
40, 954, 0.061640, 226552
40, 955, 0.061009, 227048
40, 956, 0.057617, 227448
40, 957, 0.058896, 227798
40, 958, 0.060475, 228278
40, 959, 0.056588, 228788
40, 960, 0.060952, 228987
40, 961, 0.057689, 229640
40, 962, 0.059174, 229984
40, 963, 0.059445, 230387
40, 964, 0.056878, 230790
40, 965, 0.057572, 231291
40, 966, 0.057836, 231557
40, 967, 0.056924, 232524
40, 968, 0.058847, 232817
40, 969, 0.055972, 233190
40, 970, 0.061747, 233537
40, 971, 0.057841, 234508
40, 972, 0.057322, 234746
40, 973, 0.060213, 235263
40, 974, 0.059066, 235751
40, 975, 0.058186, 236052
40, 976, 0.057910, 236378
40, 977, 0.059939, 237355
40, 978, 0.058377, 237716
40, 979, 0.059295, 238256
40, 980, 0.063427, 238502
40, 981, 0.058305, 238912
40, 982, 0.058247, 239404
40, 983, 0.063937, 240387
40, 984, 0.060245, 240642
40, 985, 0.056438, 241154
40, 986, 0.057826, 241507
40, 987, 0.059205, 241871
40, 988, 0.058899, 242168
40, 989, 0.060486, 242766
40, 990, 0.059963, 242985
40, 991, 0.059726, 243976
40, 992, 0.057932, 244287
40, 993, 0.057811, 244785
40, 994, 0.057166, 245133
40, 995, 0.058161, 245649
40, 996, 0.057707, 245948
40, 997, 0.056667, 246945
40, 998, 0.061813, 247445
40, 999, 0.060718, 247814
40, 1000, 0.059555, 248083
40, 1001, 0.062868, 248510
40, 1002, 0.062407, 248879
40, 1003, 0.060273, 249457
40, 1004, 0.058092, 249877
40, 1005, 0.058883, 250250
40, 1006, 0.058665, 250754
40, 1007, 0.059351, 251342
40, 1008, 0.058319, 251544
40, 1009, 0.057418, 252553
40, 1010, 0.057712, 252916
40, 1011, 0.058572, 253423
40, 1012, 0.064252, 253749
40, 1013, 0.061623, 254762
40, 1014, 0.076915, 255068
40, 1015, 0.080840, 255460
40, 1016, 0.066308, 255829
40, 1017, 0.059803, 256254
40, 1018, 0.064123, 256764
40, 1019, 0.063650, 257783
40, 1020, 0.059726, 258003
40, 1021, 0.061958, 259024
40, 1022, 0.056678, 259384
40, 1023, 0.057288, 259767
40, 1024, 0.058141, 260095
40, 1025, 0.059586, 260541
40, 1026, 0.060953, 260823
40, 1027, 0.058244, 261394
40, 1028, 0.056235, 261824
40, 1029, 0.058106, 262200
40, 1030, 0.059132, 262569
40, 1031, 0.060739, 263600
40, 1032, 0.056587, 263866
40, 1033, 0.058750, 264899
40, 1034, 0.060122, 265266
40, 1035, 0.061222, 265588
40, 1036, 0.058456, 265905
40, 1037, 0.060778, 266499
40, 1038, 0.057885, 266882
40, 1039, 0.056784, 267921
40, 1040, 0.057505, 268168
40, 1041, 0.058986, 268690
40, 1042, 0.060669, 269212
40, 1043, 0.060842, 269767
40, 1044, 0.058053, 270020
40, 1045, 0.060096, 270421
40, 1046, 0.058176, 270945
40, 1047, 0.060146, 271470
40, 1048, 0.059088, 271850
40, 1049, 0.057790, 272899
40, 1050, 0.060155, 273129
40, 1051, 0.058283, 274180
40, 1052, 0.062775, 274620
40, 1053, 0.059716, 274969
40, 1054, 0.057648, 275348
40, 1055, 0.062467, 275895
40, 1056, 0.058212, 276132
40, 1057, 0.061080, 276694
40, 1058, 0.059723, 277122
40, 1059, 0.060154, 277653
40, 1060, 0.057405, 277978
40, 1061, 0.061112, 279039
40, 1062, 0.059294, 279359
40, 1063, 0.060427, 280422
40, 1064, 0.060135, 280703
40, 1065, 0.061026, 281100
40, 1066, 0.057520, 281483
40, 1067, 0.065271, 282075
40, 1068, 0.059046, 282398
40, 1069, 0.060398, 283467
40, 1070, 0.060323, 283850
40, 1071, 0.058445, 284179
40, 1072, 0.061008, 284537
40, 1073, 0.060991, 285222
40, 1074, 0.060067, 285618
40, 1075, 0.061759, 286083
40, 1076, 0.057897, 286533
40, 1077, 0.073185, 287073
40, 1078, 0.060513, 287386
40, 1079, 0.081123, 287984
40, 1080, 0.072250, 288199
40, 1081, 0.058793, 288848
40, 1082, 0.064922, 289390
40, 1083, 0.063355, 289837
40, 1084, 0.080966, 290290
40, 1085, 0.060290, 290718
40, 1086, 0.064927, 291118
40, 1087, 0.060090, 292205
40, 1088, 0.059169, 292536
40, 1089, 0.058791, 292924
40, 1090, 0.062035, 293315
40, 1091, 0.062604, 294406
40, 1092, 0.062402, 294658
40, 1093, 0.062620, 295751
40, 1094, 0.062667, 296299
40, 1095, 0.059224, 296706
40, 1096, 0.059146, 297104
40, 1097, 0.059312, 298201
40, 1098, 0.064795, 298531
40, 1099, 0.059450, 299117
40, 1100, 0.059504, 299409
40, 1101, 0.061687, 299961
40, 1102, 0.059244, 300352
40, 1103, 0.060547, 301455
40, 1104, 0.062825, 301719
40, 1105, 0.059674, 302154
40, 1106, 0.061936, 302544
40, 1107, 0.058451, 302950
40, 1108, 0.060728, 303413
40, 1109, 0.060029, 304522
40, 1110, 0.061245, 304811
40, 1111, 0.061138, 305430
40, 1112, 0.063915, 305834
40, 1113, 0.060251, 306240
40, 1114, 0.063717, 306798
40, 1115, 0.065173, 307376
40, 1116, 0.060089, 307645
40, 1117, 0.058812, 308762
40, 1118, 0.061819, 309158
40, 1119, 0.061024, 309719
40, 1120, 0.063059, 309973
40, 1121, 0.059413, 310627
40, 1122, 0.061542, 310932
40, 1123, 0.060280, 312055
40, 1124, 0.058350, 312525
40, 1125, 0.058480, 312876
40, 1126, 0.060377, 313440
40, 1127, 0.060335, 313935
40, 1128, 0.058903, 314231
40, 1129, 0.062556, 315360
40, 1130, 0.059180, 315765
40, 1131, 0.059984, 316175
40, 1132, 0.060915, 316648
40, 1133, 0.060767, 317275
40, 1134, 0.059650, 317557
40, 1135, 0.061422, 318146
40, 1136, 0.062348, 318522
40, 1137, 0.061215, 319092
40, 1138, 0.061720, 319662
40, 1139, 0.063121, 320317
40, 1140, 0.059040, 320559
40, 1141, 0.062051, 321166
40, 1142, 0.060047, 321738
40, 1143, 0.081901, 322216
40, 1144, 0.060678, 322522
40, 1145, 0.062591, 323116
40, 1146, 0.063379, 323538
40, 1147, 0.064530, 324283
40, 1148, 0.065713, 324636
40, 1149, 0.063674, 325212
40, 1150, 0.066748, 325566
40, 1151, 0.062201, 326717
40, 1152, 0.060442, 326969
40, 1153, 0.061818, 328122
40, 1154, 0.062314, 328700
40, 1155, 0.061716, 329009
40, 1156, 0.062581, 329403
40, 1157, 0.062698, 330046
40, 1158, 0.058834, 330473
40, 1159, 0.060539, 331144
40, 1160, 0.060615, 331455
40, 1161, 0.063472, 331879
40, 1162, 0.062730, 332284
40, 1163, 0.063653, 333447
40, 1164, 0.061948, 333798
40, 1165, 0.059257, 334403
40, 1166, 0.059181, 334819
40, 1167, 0.059669, 335404
40, 1168, 0.064309, 335792
40, 1169, 0.060623, 336413
40, 1170, 0.059639, 336668
40, 1171, 0.062590, 337839
40, 1172, 0.060137, 338329
40, 1173, 0.060503, 338759
40, 1174, 0.062156, 339347
40, 1175, 0.060473, 339857
40, 1176, 0.060125, 340116
40, 1177, 0.061457, 340766
40, 1178, 0.061748, 341181
40, 1179, 0.062794, 341673
40, 1180, 0.060608, 342034
40, 1181, 0.060384, 343215
40, 1182, 0.059743, 343650
40, 1183, 0.061820, 344192
40, 1184, 0.062579, 344560
40, 1185, 0.064131, 345000
40, 1186, 0.062410, 345594
40, 1187, 0.061764, 346781
40, 1188, 0.061550, 347039
40, 1189, 0.061988, 347785
40, 1190, 0.059691, 348104
40, 1191, 0.063760, 348701
40, 1192, 0.060695, 349133
40, 1193, 0.064072, 350326
40, 1194, 0.060796, 350766
40, 1195, 0.063237, 351386
40, 1196, 0.061724, 351754
40, 1197, 0.061884, 352127
40, 1198, 0.060527, 352727
40, 1199, 0.062772, 353387
40, 1200, 0.060853, 353630
40, 1201, 0.060182, 354831
40, 1202, 0.060621, 355433
40, 1203, 0.062256, 356036
40, 1204, 0.064491, 356406
40, 1205, 0.061219, 357031
40, 1206, 0.060917, 357392
40, 1207, 0.061529, 358082
40, 1208, 0.076757, 358520
40, 1209, 0.083825, 358958
40, 1210, 0.079374, 359336
40, 1211, 0.061781, 359978
40, 1212, 0.063986, 360342
40, 1213, 0.060621, 361555
40, 1214, 0.061086, 362163
40, 1215, 0.073068, 362537
40, 1216, 0.080244, 362887
40, 1217, 0.064760, 364104
40, 1218, 0.062143, 364431
40, 1219, 0.061353, 365157
40, 1220, 0.062508, 365530
40, 1221, 0.060184, 365989
40, 1222, 0.061649, 366423
40, 1223, 0.063306, 367646
40, 1224, 0.061481, 367919
40, 1225, 0.064156, 368367
40, 1226, 0.061745, 368981
40, 1227, 0.064132, 369596
40, 1228, 0.061087, 370109
40, 1229, 0.063947, 371338
40, 1230, 0.062485, 371654
40, 1231, 0.062341, 372885
40, 1232, 0.064908, 373189
40, 1233, 0.060620, 373704
40, 1234, 0.062597, 374322
40, 1235, 0.064602, 374795
40, 1236, 0.067996, 375165
40, 1237, 0.063895, 376402
40, 1238, 0.062761, 377022
40, 1239, 0.061547, 377477
40, 1240, 0.064682, 377803
40, 1241, 0.063784, 378508
40, 1242, 0.062334, 378840
40, 1243, 0.062191, 379525
